Liam,Funnell,Liam_Funnell6062@urn0m.website,14810
Johnathan,Page ,Johnathan_Page 6297@voylg.club,18079
Mason,Lane,Mason_Lane613@1wa8o.online,10566
Liam,Bradshaw,Liam_Bradshaw1182@iscmr.solutions,15280
Diane,Eyres,Diane_Eyres7299@zynuu.business,17459
Alex,Daniells,Alex_Daniells6275@cdpfn.property,12836
Kamila,Ellison,Kamila_Ellison444@yvu30.ca,17303
Susan,Graham,Susan_Graham757@bu2lo.online,19008
Elijah,Whitehouse,Elijah_Whitehouse4257@dvqq2.host,10717
Sylvia,Simpson,Sylvia_Simpson3376@iscmr.site,12876